filename,width,height,aspect_ratio,file_size_mb,resolution,channels
10004.png,851,624,1.3637820512820513,0.21258163452148438,851x624,3
10010.png,206,550,0.37454545454545457,0.0430755615234375,206x550,3
10014.png,1287,776,1.6585051546391754,0.2707967758178711,1287x776,3
10017.png,1068,1069,0.9990645463049579,0.3398275375366211,1068x1069,3
10037.png,4000,3000,1.3333333333333333,0.439697265625,4000x3000,3
10064.png,780,753,1.0358565737051793,0.17354297637939453,780x753,3
1007.png,4000,3000,1.3333333333333333,0.40377330780029297,4000x3000,3
10072.png,1305,2168,0.6019372693726938,0.7368669509887695,1305x2168,3
10083.png,527,390,1.3512820512820514,0.05033588409423828,527x390,3
10112.png,712,744,0.956989247311828,0.032684326171875,712x744,3
10132.png,1829,1415,1.2925795053003533,1.098891258239746,1829x1415,3
10135.png,483,528,0.9147727272727273,0.09941768646240234,483x528,3
10173.png,595,499,1.1923847695390781,0.05242443084716797,595x499,3
1019.png,657,913,0.71960569550931,0.13694286346435547,657x913,3
10191.png,936,575,1.6278260869565218,0.23991775512695312,936x575,3
10199.png,462,577,0.8006932409012132,0.1179647445678711,462x577,3
10210.png,710,926,0.7667386609071274,0.16872501373291016,710x926,3
10221.png,928,986,0.9411764705882353,0.2195758819580078,928x986,3
10241.png,788,915,0.8612021857923498,0.2948122024536133,788x915,3
1025.png,754,706,1.0679886685552409,0.37560176849365234,754x706,3
10282.png,375,883,0.4246885617214043,0.17554187774658203,375x883,3
10293.png,619,549,1.127504553734062,0.09095382690429688,619x549,3
10297.png,571,529,1.0793950850661627,0.09114742279052734,571x529,3
103.png,616,196,3.142857142857143,0.056633949279785156,616x196,3
10306.png,602,877,0.6864310148232611,0.2231922149658203,602x877,3
10316.png,847,766,1.1057441253263707,0.22240543365478516,847x766,3
10332.png,618,471,1.3121019108280254,0.039834022521972656,618x471,3
10334.png,306,400,0.765,0.0704193115234375,306x400,3
1034.png,1263,648,1.9490740740740742,0.41055774688720703,1263x648,3
10346.png,1154,830,1.3903614457831326,0.23141193389892578,1154x830,3
1035.png,905,620,1.4596774193548387,0.21868038177490234,905x620,3
10356.png,621,945,0.6571428571428571,0.15547847747802734,621x945,3
1036.png,502,637,0.7880690737833596,0.3224802017211914,502x637,3
10360.png,666,606,1.099009900990099,0.10090160369873047,666x606,3
10362.png,2339,1420,1.6471830985915492,0.12822437286376953,2339x1420,3
10385.png,493,577,0.854419410745234,0.210906982421875,493x577,3
10386.png,797,446,1.7869955156950672,0.13050365447998047,797x446,3
1039.png,1066,766,1.391644908616188,0.2771434783935547,1066x766,3
10391.png,991,571,1.7355516637478108,0.056595802307128906,991x571,3
10392.png,578,600,0.9633333333333334,0.06859016418457031,578x600,3
10395.png,479,463,1.0345572354211663,0.13297557830810547,479x463,3
10403.png,771,508,1.5177165354330708,0.11881732940673828,771x508,3
10408.png,2730,2048,1.3330078125,0.45337867736816406,2730x2048,3
10413.png,1080,647,1.669242658423493,0.12646102905273438,1080x647,3
10414.png,768,1024,0.75,0.3946800231933594,768x1024,3
10422.png,434,307,1.4136807817589576,0.056616783142089844,434x307,3
10423.png,1073,770,1.3935064935064936,0.21274375915527344,1073x770,3
10441.png,510,639,0.7981220657276995,0.1237936019897461,510x639,3
10443.png,1600,1200,1.3333333333333333,0.08588409423828125,1600x1200,3
10457.png,553,664,0.8328313253012049,0.03622913360595703,553x664,3
10458.png,846,489,1.7300613496932515,0.09833908081054688,846x489,3
10470.png,726,1314,0.5525114155251142,0.30900001525878906,726x1314,3
10504.png,620,429,1.4452214452214451,0.10764789581298828,620x429,3
10519.png,1243,686,1.8119533527696794,0.1722574234008789,1243x686,3
10525.png,600,310,1.935483870967742,0.04661369323730469,600x310,3
10538.png,1096,793,1.382093316519546,0.20128345489501953,1096x793,3
10541.png,440,502,0.8764940239043825,0.08448600769042969,440x502,3
10552.png,379,618,0.6132686084142395,0.055901527404785156,379x618,3
10568.png,674,606,1.1122112211221122,0.08513736724853516,674x606,3
10586.png,836,570,1.4666666666666666,0.25322914123535156,836x570,3
10587.png,740,424,1.7452830188679245,0.1276865005493164,740x424,3
10602.png,795,941,0.844845908607864,0.4044609069824219,795x941,3
10615.png,1086,596,1.8221476510067114,0.24077320098876953,1086x596,3
10635.png,350,302,1.1589403973509933,0.0420989990234375,350x302,3
10666.png,919,1428,0.6435574229691877,0.29877567291259766,919x1428,3
10669.png,4000,3000,1.3333333333333333,0.36711978912353516,4000x3000,3
10674.png,740,848,0.8726415094339622,0.15974807739257812,740x848,3
10676.png,2742,1813,1.5124103695532267,1.582749366760254,2742x1813,3
10689.png,698,375,1.8613333333333333,0.05710411071777344,698x375,3
107.png,381,557,0.6840215439856373,0.0770111083984375,381x557,3
1072.png,590,701,0.8416547788873039,0.02865123748779297,590x701,3
10721.png,971,484,2.006198347107438,0.13957786560058594,971x484,3
10722.png,562,567,0.9911816578483245,0.10818290710449219,562x567,3
10748.png,800,567,1.4109347442680775,0.13226890563964844,800x567,3
10757.png,287,451,0.6363636363636364,0.032901763916015625,287x451,3
10776.png,857,641,1.3369734789391576,0.1787567138671875,857x641,3
1078.png,965,606,1.5924092409240924,0.2939596176147461,965x606,3
10785.png,746,492,1.516260162601626,0.0695638656616211,746x492,3
10789.png,680,438,1.552511415525114,0.062496185302734375,680x438,3
10796.png,888,433,2.0508083140877598,0.08301734924316406,888x433,3
108.png,923,816,1.1311274509803921,0.1776895523071289,923x816,3
1081.png,835,729,1.1454046639231825,0.037181854248046875,835x729,3
1082.png,1035,459,2.2549019607843137,0.22028160095214844,1035x459,3
1092.png,976,849,1.149587750294464,0.3067636489868164,976x849,3
1095.png,1249,788,1.5850253807106598,0.34421634674072266,1249x788,3
1097.png,672,469,1.4328358208955223,0.11779212951660156,672x469,3
11038.png,912,784,1.163265306122449,0.1796092987060547,912x784,3
11039.png,2480,2750,0.9018181818181819,0.5336246490478516,2480x2750,3
11078.png,555,663,0.8371040723981901,0.04049968719482422,555x663,3
11088.png,895,708,1.2641242937853108,0.36189937591552734,895x708,3
11091.png,1600,1455,1.0996563573883162,0.16089534759521484,1600x1455,3
11095.png,826,763,1.0825688073394495,0.14595508575439453,826x763,3
11107.png,1025,686,1.4941690962099126,0.3380470275878906,1025x686,3
11131.png,1131,658,1.7188449848024316,0.36312103271484375,1131x658,3
11132.png,424,598,0.7090301003344481,0.06367683410644531,424x598,3
1115.png,1603,973,1.6474820143884892,0.2391529083251953,1603x973,3
11186.png,884,937,0.9434364994663821,0.10067272186279297,884x937,3
11197.png,488,551,0.8856624319419237,0.16027069091796875,488x551,3
11208.png,2084,2268,0.9188712522045855,2.414186477661133,2084x2268,3
11211.png,1450,686,2.1137026239067054,0.16431713104248047,1450x686,3
11221.png,684,512,1.3359375,0.15158462524414062,684x512,3
11246.png,1190,974,1.2217659137577002,0.3324403762817383,1190x974,3
11255.png,895,1330,0.6729323308270677,0.38967418670654297,895x1330,3
11256.png,981,898,1.0924276169265033,0.40603065490722656,981x898,3
11262.png,516,550,0.9381818181818182,0.056092262268066406,516x550,3
11263.png,792,904,0.8761061946902655,0.2735757827758789,792x904,3
11271.png,237,405,0.5851851851851851,0.04632854461669922,237x405,3
11272.png,1673,2145,0.77995337995338,0.1532726287841797,1673x2145,3
11296.png,736,511,1.4403131115459882,0.1252431869506836,736x511,3
11317.png,663,668,0.9925149700598802,0.14617347717285156,663x668,3
11357.png,2269,1604,1.4145885286783042,0.917902946472168,2269x1604,3
11362.png,725,749,0.9679572763684913,0.16611862182617188,725x749,3
11365.png,1167,1200,0.9725,0.1611175537109375,1167x1200,3
11377.png,362,580,0.6241379310344828,0.06796741485595703,362x580,3
1138.png,769,605,1.2710743801652893,0.04905891418457031,769x605,3
11384.png,307,581,0.5283993115318416,0.0750885009765625,307x581,3
1140.png,833,525,1.5866666666666667,0.3041419982910156,833x525,3
11436.png,4000,3000,1.3333333333333333,0.7293767929077148,4000x3000,3
11437.png,990,800,1.2375,0.9562091827392578,990x800,3
1144.png,423,994,0.4255533199195171,0.2569704055786133,423x994,3
11442.png,437,343,1.2740524781341107,0.03443622589111328,437x343,3
11459.png,544,652,0.8343558282208589,0.10351181030273438,544x652,3
1146.png,945,882,1.0714285714285714,0.46751976013183594,945x882,3
11467.png,238,680,0.35,0.08296585083007812,238x680,3
1152.png,897,674,1.3308605341246291,0.1271047592163086,897x674,3
11538.png,1132,765,1.4797385620915033,0.3315439224243164,1132x765,3
11553.png,366,525,0.6971428571428572,0.07024955749511719,366x525,3
11555.png,1112,834,1.3333333333333333,0.09694194793701172,1112x834,3
11564.png,528,874,0.6041189931350115,0.1103830337524414,528x874,3
11588.png,815,600,1.3583333333333334,0.17933177947998047,815x600,3
11589.png,4000,3000,1.3333333333333333,0.7549219131469727,4000x3000,3
11613.png,711,424,1.6768867924528301,0.0931854248046875,711x424,3
11649.png,1600,1200,1.3333333333333333,0.19297027587890625,1600x1200,3
11667.png,841,595,1.4134453781512606,0.09877300262451172,841x595,3
11685.png,688,827,0.8319226118500604,0.27054500579833984,688x827,3
11686.png,4000,3000,1.3333333333333333,0.4222536087036133,4000x3000,3
11701.png,1050,852,1.232394366197183,0.09945487976074219,1050x852,3
11704.png,842,1158,0.7271157167530224,0.38216304779052734,842x1158,3
11751.png,423,616,0.6866883116883117,0.05612945556640625,423x616,3
11760.png,620,513,1.2085769980506822,0.1076059341430664,620x513,3
11772.png,686,647,1.0602782071097372,0.09331512451171875,686x647,3
11775.png,659,801,0.8227215980024969,0.1933917999267578,659x801,3
11790.png,1301,1257,1.0350039777247415,0.31484413146972656,1301x1257,3
11797.png,3507,2480,1.4141129032258064,2.262208938598633,3507x2480,3
11818.png,1003,421,2.3824228028503565,0.09692192077636719,1003x421,3
11834.png,478,512,0.93359375,0.08646774291992188,478x512,3
11847.png,2480,3507,0.7071571143427431,2.39499568939209,2480x3507,3
11855.png,2730,2048,1.3330078125,0.49042415618896484,2730x2048,3
1187.png,390,680,0.5735294117647058,0.05587005615234375,390x680,3
11873.png,328,455,0.7208791208791209,0.038532257080078125,328x455,3
11894.png,552,432,1.2777777777777777,0.09657859802246094,552x432,3
11896.png,482,485,0.9938144329896907,0.10746574401855469,482x485,3
11897.png,727,594,1.2239057239057238,0.05739116668701172,727x594,3
11902.png,1071,501,2.1377245508982035,0.40350914001464844,1071x501,3
11911.png,4000,3000,1.3333333333333333,0.39769458770751953,4000x3000,3
11927.png,726,862,0.8422273781902552,0.3349313735961914,726x862,3
11936.png,1198,798,1.5012531328320802,0.4495687484741211,1198x798,3
11940.png,862,574,1.5017421602787457,0.11261844635009766,862x574,3
11944.png,669,578,1.157439446366782,0.11659908294677734,669x578,3
11952.png,4000,3000,1.3333333333333333,0.30758190155029297,4000x3000,3
11964.png,518,725,0.7144827586206897,0.16228008270263672,518x725,3
11981.png,1087,771,1.409857328145266,0.2566051483154297,1087x771,3
12003.png,523,768,0.6809895833333334,0.16277694702148438,523x768,3
1203.png,1213,1059,1.145420207743154,0.2894754409790039,1213x1059,3
12032.png,924,1167,0.7917737789203085,0.3037738800048828,924x1167,3
12035.png,604,914,0.6608315098468271,0.10453128814697266,604x914,3
12047.png,506,333,1.5195195195195195,0.05608081817626953,506x333,3
12060.png,1246,787,1.5832274459974587,0.20505523681640625,1246x787,3
12076.png,567,596,0.9513422818791947,0.1405630111694336,567x596,3
1208.png,669,372,1.7983870967741935,0.12612247467041016,669x372,3
12102.png,880,720,1.2222222222222223,0.06154441833496094,880x720,3
12112.png,517,367,1.4087193460490464,0.079833984375,517x367,3
1212.png,470,853,0.5509964830011723,0.1278820037841797,470x853,3
12126.png,704,576,1.2222222222222223,0.22249126434326172,704x576,3
12130.png,431,663,0.6500754147812972,0.2192544937133789,431x663,3
12137.png,961,670,1.4343283582089552,0.2276897430419922,961x670,3
12150.png,546,548,0.9963503649635036,0.15903091430664062,546x548,3
12153.png,1137,839,1.3551847437425506,0.20211219787597656,1137x839,3
12163.png,509,557,0.9138240574506283,0.1344890594482422,509x557,3
12168.png,1074,832,1.2908653846153846,0.1631946563720703,1074x832,3
12190.png,860,655,1.3129770992366412,0.17981624603271484,860x655,3
12197.png,944,744,1.2688172043010753,0.3658876419067383,944x744,3
1221.png,729,842,0.8657957244655582,0.24190425872802734,729x842,3
12235.png,859,496,1.7318548387096775,0.08618354797363281,859x496,3
12237.png,1990,2202,0.9037238873751136,1.1030197143554688,1990x2202,3
12239.png,434,556,0.7805755395683454,0.04768848419189453,434x556,3
12257.png,886,509,1.7406679764243616,0.18471717834472656,886x509,3
12267.png,4000,3000,1.3333333333333333,0.23736190795898438,4000x3000,3
12269.png,980,683,1.4348462664714494,0.16181373596191406,980x683,3
12270.png,480,354,1.3559322033898304,0.04551506042480469,480x354,3
12278.png,614,439,1.398633257403189,0.03266620635986328,614x439,3
12286.png,567,596,0.9513422818791947,0.10275554656982422,567x596,3
12290.png,1012,552,1.8333333333333333,0.23920917510986328,1012x552,3
12291.png,637,379,1.6807387862796834,0.08756160736083984,637x379,3
12294.png,652,760,0.8578947368421053,0.08574485778808594,652x760,3
1230.png,1173,817,1.4357405140758874,0.1862630844116211,1173x817,3
1244.png,814,820,0.9926829268292683,0.033995628356933594,814x820,3
1245.png,637,741,0.8596491228070176,0.038491249084472656,637x741,3
12466.png,997,751,1.3275632490013316,0.1185617446899414,997x751,3
1248.png,706,938,0.7526652452025586,0.2740955352783203,706x938,3
12481.png,1501,849,1.767962308598351,0.2612895965576172,1501x849,3
12488.png,493,305,1.616393442622951,0.03440380096435547,493x305,3
12496.png,980,797,1.2296110414052697,0.1026010513305664,980x797,3
1250.png,614,723,0.8492392807745505,0.15711116790771484,614x723,3
12500.png,1920,1440,1.3333333333333333,0.39919471740722656,1920x1440,3
12511.png,669,592,1.1300675675675675,0.15182018280029297,669x592,3
12530.png,1666,1274,1.3076923076923077,0.15373802185058594,1666x1274,3
12557.png,312,302,1.033112582781457,0.026933670043945312,312x302,3
12564.png,1340,878,1.5261958997722096,0.32430458068847656,1340x878,3
12623.png,931,632,1.4731012658227849,0.3073587417602539,931x632,3
12624.png,1162,1056,1.1003787878787878,0.22199440002441406,1162x1056,3
12641.png,735,823,0.8930741190765492,0.09330368041992188,735x823,3
12653.png,896,496,1.8064516129032258,0.18658161163330078,896x496,3
12668.png,1209,792,1.5265151515151516,0.28778076171875,1209x792,3
12678.png,557,814,0.6842751842751843,0.036934852600097656,557x814,3
12685.png,618,517,1.195357833655706,0.1300954818725586,618x517,3
12687.png,263,365,0.7205479452054795,0.030164718627929688,263x365,3
12695.png,526,528,0.9962121212121212,0.06159019470214844,526x528,3
12697.png,822,720,1.1416666666666666,0.16423606872558594,822x720,3
12703.png,937,770,1.216883116883117,0.19017314910888672,937x770,3
12705.png,678,637,1.0643642072213502,0.14015865325927734,678x637,3
12709.png,541,500,1.082,0.1156454086303711,541x500,3
12718.png,598,906,0.6600441501103753,0.13288402557373047,598x906,3
12761.png,800,711,1.1251758087201125,0.23258018493652344,800x711,3
12775.png,2479,3504,0.7074771689497716,1.8127059936523438,2479x3504,3
12790.png,852,463,1.8401727861771058,0.17288589477539062,852x463,3
12793.png,738,595,1.2403361344537815,0.12089729309082031,738x595,3
12803.png,969,467,2.074946466809422,0.18149852752685547,969x467,3
12806.png,609,560,1.0875,0.10011768341064453,609x560,3
12817.png,1482,1200,1.235,0.2728614807128906,1482x1200,3
1282.png,677,522,1.2969348659003832,0.18491744995117188,677x522,3
1283.png,804,416,1.9326923076923077,0.09276103973388672,804x416,3
12840.png,346,536,0.6455223880597015,0.05332469940185547,346x536,3
12853.png,557,805,0.6919254658385093,0.2419595718383789,557x805,3
12870.png,798,496,1.6088709677419355,0.0924386978149414,798x496,3
12874.png,743,648,1.146604938271605,0.09598445892333984,743x648,3
12896.png,979,739,1.3247631935047361,0.14940166473388672,979x739,3
12919.png,807,798,1.0112781954887218,0.0732583999633789,807x798,3
12940.png,2338,1700,1.3752941176470588,1.576284408569336,2338x1700,3
1295.png,512,756,0.6772486772486772,0.19483470916748047,512x756,3
12957.png,1320,787,1.6772554002541296,0.29197120666503906,1320x787,3
12961.png,533,534,0.99812734082397,0.12105369567871094,533x534,3
12980.png,796,909,0.8756875687568757,0.12522506713867188,796x909,3
13005.png,632,893,0.7077267637178052,0.21935558319091797,632x893,3
13008.png,434,307,1.4136807817589576,0.07167339324951172,434x307,3
13013.png,1158,1044,1.1091954022988506,0.3010549545288086,1158x1044,3
13017.png,567,485,1.1690721649484537,0.07926750183105469,567x485,3
13025.png,392,680,0.5764705882352941,0.05560779571533203,392x680,3
13029.png,567,401,1.4139650872817955,0.11979103088378906,567x401,3
13033.png,403,997,0.40421263791374124,0.17432880401611328,403x997,3
13064.png,781,552,1.414855072463768,0.16444873809814453,781x552,3
13067.png,373,501,0.7445109780439122,0.038333892822265625,373x501,3
13079.png,462,540,0.8555555555555555,0.11154842376708984,462x540,3
13081.png,490,418,1.1722488038277512,0.09646415710449219,490x418,3
13085.png,1600,1200,1.3333333333333333,0.26476573944091797,1600x1200,3
13090.png,1746,1920,0.909375,0.2443828582763672,1746x1920,3
13094.png,558,453,1.2317880794701987,0.09921550750732422,558x453,3
13107.png,4000,3000,1.3333333333333333,0.27080631256103516,4000x3000,3
13108.png,1412,682,2.070381231671554,0.21540164947509766,1412x682,3
13117.png,1152,713,1.6157082748948106,0.07277488708496094,1152x713,3
13124.png,457,547,0.8354661791590493,0.06611156463623047,457x547,3
13131.png,489,504,0.9702380952380952,0.1330547332763672,489x504,3
13137.png,1125,794,1.4168765743073048,0.24647903442382812,1125x794,3
13145.png,594,540,1.1,0.13267040252685547,594x540,3
13164.png,488,779,0.6264441591784339,0.040787696838378906,488x779,3
1318.png,646,526,1.2281368821292775,0.11724662780761719,646x526,3
13190.png,594,433,1.371824480369515,0.13731002807617188,594x433,3
13201.png,341,499,0.6833667334669339,0.0551910400390625,341x499,3
13203.png,750,506,1.482213438735178,0.12061405181884766,750x506,3
13207.png,1476,793,1.8612862547288778,0.3607149124145508,1476x793,3
13209.png,669,786,0.851145038167939,0.1637582778930664,669x786,3
13245.png,978,2143,0.4563695753616426,0.7649564743041992,978x2143,3
1326.png,524,585,0.8957264957264958,0.11995983123779297,524x585,3
13261.png,541,680,0.7955882352941176,0.09029865264892578,541x680,3
13282.png,1203,644,1.8680124223602483,0.16952037811279297,1203x644,3
13290.png,760,486,1.5637860082304527,0.06915092468261719,760x486,3
13294.png,456,412,1.1067961165048543,0.10274887084960938,456x412,3
133.png,614,484,1.2685950413223142,0.09796810150146484,614x484,3
13304.png,421,563,0.7477797513321492,0.11596107482910156,421x563,3
13325.png,744,601,1.237936772046589,0.08302497863769531,744x601,3
13338.png,427,322,1.326086956521739,0.04283332824707031,427x322,3
13344.png,731,768,0.9518229166666666,0.16317272186279297,731x768,3
13346.png,525,394,1.33248730964467,0.021097183227539062,525x394,3
13355.png,848,476,1.781512605042017,0.1471538543701172,848x476,3
13372.png,4000,3000,1.3333333333333333,0.42374134063720703,4000x3000,3
13379.png,676,306,2.2091503267973858,0.036568641662597656,676x306,3
13380.png,651,322,2.0217391304347827,0.1162405014038086,651x322,3
13397.png,640,438,1.461187214611872,0.039318084716796875,640x438,3
13403.png,850,592,1.4358108108108107,0.07717609405517578,850x592,3
13406.png,1009,637,1.5839874411302983,0.15827655792236328,1009x637,3
13420.png,1125,855,1.3157894736842106,0.09505271911621094,1125x855,3
13426.png,276,680,0.40588235294117647,0.07059192657470703,276x680,3
13435.png,1144,592,1.9324324324324325,0.37467479705810547,1144x592,3
13442.png,800,600,1.3333333333333333,0.09033203125,800x600,3
13457.png,445,423,1.0520094562647755,0.0777587890625,445x423,3
13459.png,767,530,1.4471698113207547,0.20980453491210938,767x530,3
13474.png,382,620,0.6161290322580645,0.09864139556884766,382x620,3
13486.png,715,438,1.6324200913242009,0.10837650299072266,715x438,3
13501.png,869,652,1.3328220858895705,0.07799625396728516,869x652,3
13508.png,364,474,0.7679324894514767,0.07633781433105469,364x474,3
13512.png,698,755,0.9245033112582781,0.2838306427001953,698x755,3
13524.png,606,522,1.160919540229885,0.1488180160522461,606x522,3
1354.png,1065,837,1.2724014336917562,0.16219520568847656,1065x837,3
13548.png,712,632,1.1265822784810127,0.11819839477539062,712x632,3
13570.png,642,502,1.2788844621513944,0.15311717987060547,642x502,3
13598.png,1076,730,1.473972602739726,0.20000934600830078,1076x730,3
13603.png,799,433,1.8452655889145497,0.17687225341796875,799x433,3
13608.png,435,533,0.8161350844277674,0.04335975646972656,435x533,3
13632.png,674,723,0.9322268326417704,0.16682910919189453,674x723,3
13671.png,834,498,1.6746987951807228,0.07584285736083984,834x498,3
13677.png,1179,864,1.3645833333333333,0.3002204895019531,1179x864,3
13693.png,547,551,0.9927404718693285,0.09735393524169922,547x551,3
13695.png,567,534,1.0617977528089888,0.14066410064697266,567x534,3
13708.png,479,681,0.7033773861967695,0.1427783966064453,479x681,3
13714.png,469,509,0.9214145383104125,0.041708946228027344,469x509,3
13715.png,599,511,1.172211350293542,0.14066028594970703,599x511,3
13719.png,665,914,0.7275711159737418,0.2802467346191406,665x914,3
13727.png,571,389,1.467866323907455,0.09406566619873047,571x389,3
13742.png,545,960,0.5677083333333334,0.1438446044921875,545x960,3
13751.png,2481,3508,0.7072405929304447,0.9094877243041992,2481x3508,3
13771.png,657,829,0.7925211097708083,0.16492366790771484,657x829,3
13774.png,895,905,0.988950276243094,0.318939208984375,895x905,3
13807.png,1100,775,1.4193548387096775,0.21961307525634766,1100x775,3
13812.png,718,531,1.3521657250470809,0.12888622283935547,718x531,3
13847.png,702,548,1.281021897810219,0.11402130126953125,702x548,3
13852.png,604,432,1.3981481481481481,0.09832954406738281,604x432,3
1391.png,661,555,1.190990990990991,0.06394672393798828,661x555,3
1394.png,784,504,1.5555555555555556,0.07575798034667969,784x504,3
1401.png,1197,589,2.032258064516129,0.2676067352294922,1197x589,3
14017.png,637,525,1.2133333333333334,0.1342296600341797,637x525,3
14026.png,1019,618,1.6488673139158576,0.27661609649658203,1019x618,3
14027.png,979,897,1.0914158305462653,0.2765493392944336,979x897,3
1403.png,469,613,0.765089722675367,0.18625640869140625,469x613,3
14030.png,496,454,1.092511013215859,0.08360862731933594,496x454,3
14033.png,1419,1124,1.2624555160142348,0.4922370910644531,1419x1124,3
14040.png,756,645,1.172093023255814,0.20871639251708984,756x645,3
14041.png,530,559,0.9481216457960644,0.11637020111083984,530x559,3
14054.png,849,1065,0.7971830985915493,0.20798206329345703,849x1065,3
14061.png,640,1136,0.5633802816901409,0.41466712951660156,640x1136,3
14094.png,1130,948,1.1919831223628692,0.44741153717041016,1130x948,3
1412.png,470,540,0.8703703703703703,0.09645366668701172,470x540,3
14127.png,673,472,1.4258474576271187,0.034399986267089844,673x472,3
14157.png,684,553,1.2368896925858952,0.02587127685546875,684x553,3
14178.png,917,1045,0.877511961722488,0.27454376220703125,917x1045,3
14240.png,1060,844,1.2559241706161137,0.22764015197753906,1060x844,3
14242.png,770,624,1.233974358974359,0.13631916046142578,770x624,3
14245.png,567,346,1.638728323699422,0.06274700164794922,567x346,3
14250.png,774,880,0.8795454545454545,0.27537059783935547,774x880,3
14252.png,855,690,1.2391304347826086,0.2305288314819336,855x690,3
14255.png,543,605,0.8975206611570248,0.10806941986083984,543x605,3
14267.png,630,727,0.8665749656121046,0.2706470489501953,630x727,3
14270.png,614,1200,0.5116666666666667,0.09030342102050781,614x1200,3
14278.png,557,699,0.7968526466380543,0.10749435424804688,557x699,3
1429.png,3096,4128,0.75,10.2156400680542,3096x4128,3
14302.png,1252,583,2.1475128644939967,0.3459510803222656,1252x583,3
14308.png,441,557,0.7917414721723519,0.10802841186523438,441x557,3
14316.png,692,516,1.3410852713178294,0.1061258316040039,692x516,3
14317.png,980,735,1.3333333333333333,0.1263599395751953,980x735,3
14323.png,1124,1314,0.8554033485540334,0.6203422546386719,1124x1314,3
14334.png,1004,857,1.1715285880980164,0.052577972412109375,1004x857,3
14343.png,1600,1131,1.4146772767462423,0.18844318389892578,1600x1131,3
14359.png,687,524,1.3110687022900764,0.14659595489501953,687x524,3
14387.png,914,911,1.0032930845225028,0.4307889938354492,914x911,3
14413.png,1030,873,1.179839633447881,0.3210792541503906,1030x873,3
14416.png,609,708,0.8601694915254238,0.19573688507080078,609x708,3
14424.png,328,389,0.8431876606683805,0.05682849884033203,328x389,3
14457.png,2282,2835,0.8049382716049382,0.6135969161987305,2282x2835,3
14468.png,667,802,0.8316708229426434,0.0706624984741211,667x802,3
14469.png,1086,1222,0.8887070376432079,0.28835010528564453,1086x1222,3
1448.png,1109,687,1.6142649199417758,0.18158912658691406,1109x687,3
14519.png,730,523,1.395793499043977,0.15987777709960938,730x523,3
14556.png,1217,814,1.4950859950859952,0.25407981872558594,1217x814,3
1456.png,739,475,1.5557894736842106,0.3082256317138672,739x475,3
14584.png,1113,937,1.1878335112059766,0.1857929229736328,1113x937,3
14593.png,742,685,1.0832116788321169,0.22573184967041016,742x685,3
14597.png,840,436,1.926605504587156,0.11845016479492188,840x436,3
14606.png,1202,777,1.546975546975547,0.2839193344116211,1202x777,3
14620.png,633,466,1.3583690987124464,0.17507362365722656,633x466,3
14623.png,1203,801,1.5018726591760299,0.23657989501953125,1203x801,3
14643.png,434,591,0.7343485617597293,0.025402069091796875,434x591,3
14647.png,1627,650,2.503076923076923,0.3805217742919922,1627x650,3
14665.png,1056,882,1.1972789115646258,0.04506874084472656,1056x882,3
14676.png,564,818,0.6894865525672371,0.09127044677734375,564x818,3
14678.png,778,732,1.0628415300546448,0.18181705474853516,778x732,3
14679.png,823,531,1.5499058380414312,0.030594825744628906,823x531,3
1468.png,735,545,1.348623853211009,0.05023765563964844,735x545,3
14692.png,445,567,0.7848324514991182,0.05522632598876953,445x567,3
14694.png,1600,1200,1.3333333333333333,0.34689903259277344,1600x1200,3
14707.png,451,750,0.6013333333333334,0.1725606918334961,451x750,3
1471.png,533,607,0.8780889621087314,0.06392765045166016,533x607,3
14714.png,941,877,1.072976054732041,0.2827339172363281,941x877,3
14725.png,633,878,0.7209567198177677,0.4041910171508789,633x878,3
14775.png,881,728,1.210164835164835,0.06848716735839844,881x728,3
14781.png,1258,798,1.5764411027568923,0.16690921783447266,1258x798,3
14795.png,659,531,1.24105461393597,0.2683525085449219,659x531,3
148.png,722,480,1.5041666666666667,0.17654895782470703,722x480,3
14804.png,703,580,1.2120689655172414,0.10485363006591797,703x580,3
14832.png,971,562,1.7277580071174377,0.1197366714477539,971x562,3
14840.png,493,498,0.9899598393574297,0.11815834045410156,493x498,3
14846.png,495,490,1.010204081632653,0.08828544616699219,495x490,3
14848.png,869,652,1.3328220858895705,0.08295726776123047,869x652,3
14852.png,600,660,0.9090909090909091,0.04815673828125,600x660,3
14883.png,640,437,1.4645308924485125,0.13080692291259766,640x437,3
14892.png,523,524,0.9980916030534351,0.04494953155517578,523x524,3
14900.png,798,607,1.314662273476112,0.10034656524658203,798x607,3
14951.png,4000,3000,1.3333333333333333,0.43820953369140625,4000x3000,3
1500.png,568,635,0.8944881889763779,0.09506893157958984,568x635,3
1503.png,604,457,1.3216630196936543,0.18469524383544922,604x457,3
1506.png,1527,980,1.5581632653061224,0.2563199996948242,1527x980,3
1510.png,581,391,1.485933503836317,0.06892585754394531,581x391,3
1514.png,436,692,0.630057803468208,0.03414344787597656,436x692,3
1516.png,1115,759,1.469038208168643,0.09004402160644531,1115x759,3
1523.png,935,667,1.4017991004497752,0.15102291107177734,935x667,3
1547.png,214,351,0.6096866096866097,0.03490447998046875,214x351,3
1548.png,2197,2300,0.9552173913043478,3.7215404510498047,2197x2300,3
1565.png,751,502,1.49601593625498,0.044173240661621094,751x502,3
1569.png,601,617,0.9740680713128039,0.10080242156982422,601x617,3
1571.png,1069,503,2.125248508946322,0.3068523406982422,1069x503,3
1593.png,690,358,1.9273743016759777,0.04389762878417969,690x358,3
1594.png,921,674,1.3664688427299703,0.1990365982055664,921x674,3
1605.png,951,742,1.2816711590296497,0.3807201385498047,951x742,3
1606.png,887,871,1.0183696900114811,0.2349071502685547,887x871,3
1639.png,1070,671,1.594634873323398,0.30686283111572266,1070x671,3
1644.png,611,465,1.313978494623656,0.12225914001464844,611x465,3
1647.png,488,490,0.9959183673469387,0.01897430419921875,488x490,3
1651.png,2172,960,2.2625,0.3818778991699219,2172x960,3
1655.png,822,779,1.055198973042362,0.41384315490722656,822x779,3
1657.png,587,949,0.6185458377239199,0.1057577133178711,587x949,3
1672.png,911,898,1.0144766146993318,0.38613224029541016,911x898,3
1681.png,521,854,0.6100702576112412,0.2311105728149414,521x854,3
1682.png,399,504,0.7916666666666666,0.07964324951171875,399x504,3
1692.png,567,577,0.9826689774696707,0.1071462631225586,567x577,3
17.png,651,1016,0.640748031496063,0.08480644226074219,651x1016,3
1712.png,881,1153,0.764093668690373,0.361724853515625,881x1153,3
1713.png,1225,876,1.3984018264840183,0.2375173568725586,1225x876,3
1730.png,384,652,0.588957055214724,0.10652923583984375,384x652,3
1737.png,568,355,1.6,0.06385517120361328,568x355,3
1742.png,1527,980,1.5581632653061224,0.2529306411743164,1527x980,3
175.png,546,522,1.0459770114942528,0.17633914947509766,546x522,3
1756.png,723,402,1.7985074626865671,0.13503074645996094,723x402,3
177.png,518,498,1.0401606425702812,0.06841850280761719,518x498,3
1797.png,677,508,1.3326771653543308,0.17797279357910156,677x508,3
1877.png,934,571,1.6357267950963224,0.23147010803222656,934x571,3
1879.png,938,661,1.4190620272314676,0.31592273712158203,938x661,3
1881.png,612,422,1.4502369668246446,0.0806732177734375,612x422,3
1885.png,711,578,1.2301038062283738,0.07184028625488281,711x578,3
19.png,1060,556,1.9064748201438848,0.24195194244384766,1060x556,3
1900.png,525,420,1.25,0.07827091217041016,525x420,3
1907.png,2048,2730,0.7501831501831502,0.34666919708251953,2048x2730,3
1912.png,579,434,1.3341013824884793,0.08230209350585938,579x434,3
1936.png,577,567,1.017636684303351,0.09055805206298828,577x567,3
1937.png,980,798,1.2280701754385965,0.15201854705810547,980x798,3
1942.png,584,362,1.6132596685082874,0.0803823471069336,584x362,3
1950.png,1842,675,2.7288888888888887,0.4159259796142578,1842x675,3
1968.png,2480,3507,0.7071571143427431,2.56197452545166,2480x3507,3
1970.png,1562,816,1.9142156862745099,0.14341259002685547,1562x816,3
1976.png,1524,1520,1.0026315789473683,0.9078302383422852,1524x1520,3
1980.png,1068,981,1.0886850152905199,0.2097148895263672,1068x981,3
20004.png,1269,777,1.6332046332046333,0.36217403411865234,1269x777,3
20005.png,513,380,1.35,0.07445526123046875,513x380,3
20009.png,418,648,0.6450617283950617,0.0700387954711914,418x648,3
20010.png,1331,2205,0.6036281179138322,0.45630645751953125,1331x2205,3
20011.png,872,606,1.438943894389439,0.2347116470336914,872x606,3
20012.png,626,572,1.0944055944055944,0.18360042572021484,626x572,3
20015.png,755,634,1.1908517350157728,0.18517017364501953,755x634,3
20038.png,2362,1796,1.3151447661469933,0.3969106674194336,2362x1796,3
20050.png,606,779,0.7779204107830552,0.16737842559814453,606x779,3
20056.png,552,426,1.295774647887324,0.09565544128417969,552x426,3
20059.png,1069,837,1.2771804062126644,1.0292701721191406,1069x837,3
20060.png,317,515,0.6155339805825243,0.08782291412353516,317x515,3
20072.png,484,496,0.9758064516129032,0.08183097839355469,484x496,3
20076.png,1404,802,1.7506234413965087,0.37657833099365234,1404x802,3
20083.png,367,526,0.6977186311787072,0.117889404296875,367x526,3
20101.png,664,538,1.2342007434944238,0.14479541778564453,664x538,3
20125.png,424,453,0.9359823399558499,0.021058082580566406,424x453,3
20132.png,259,520,0.4980769230769231,0.04546928405761719,259x520,3
20147.png,1681,875,1.921142857142857,0.47084808349609375,1681x875,3
20149.png,678,483,1.4037267080745341,0.039272308349609375,678x483,3
20168.png,728,925,0.787027027027027,0.24600982666015625,728x925,3
2017.png,540,361,1.4958448753462603,0.05642986297607422,540x361,3
20174.png,785,1059,0.7412653446647781,0.2239971160888672,785x1059,3
20183.png,597,396,1.5075757575757576,0.027925491333007812,597x396,3
20188.png,678,447,1.516778523489933,0.044608116149902344,678x447,3
20197.png,807,806,1.001240694789082,0.28592967987060547,807x806,3
20198.png,1187,863,1.3754345307068365,0.10192203521728516,1187x863,3
20202.png,608,885,0.6870056497175141,0.3217039108276367,608x885,3
20210.png,759,498,1.5240963855421688,0.14305591583251953,759x498,3
20223.png,700,640,1.09375,0.12720298767089844,700x640,3
20228.png,688,511,1.3463796477495107,0.2138233184814453,688x511,3
2026.png,1624,656,2.475609756097561,0.1854686737060547,1624x656,3
2052.png,662,796,0.8316582914572864,0.1905202865600586,662x796,3
2057.png,757,285,2.656140350877193,0.15851783752441406,757x285,3
2059.png,443,354,1.2514124293785311,0.05492687225341797,443x354,3
2075.png,865,695,1.2446043165467626,0.20665931701660156,865x695,3
208.png,802,502,1.597609561752988,0.17349815368652344,802x502,3
2086.png,4000,3000,1.3333333333333333,0.788508415222168,4000x3000,3
2089.png,627,787,0.7966963151207116,0.1337442398071289,627x787,3
2110.png,843,439,1.9202733485193622,0.06345272064208984,843x439,3
2111.png,410,680,0.6029411764705882,0.09641647338867188,410x680,3
2134.png,1440,1706,0.8440797186400938,0.48691272735595703,1440x1706,3
2135.png,2012,1620,1.2419753086419754,0.9599008560180664,2012x1620,3
215.png,372,434,0.8571428571428571,0.08286190032958984,372x434,3
2190.png,715,545,1.311926605504587,0.19335174560546875,715x545,3
2193.png,1086,1222,0.8887070376432079,0.28835010528564453,1086x1222,3
2197.png,831,792,1.0492424242424243,0.23452091217041016,831x792,3
221.png,4000,3000,1.3333333333333333,0.2722816467285156,4000x3000,3
230.png,620,829,0.7478890229191797,0.05576133728027344,620x829,3
231.png,765,444,1.722972972972973,0.07653427124023438,765x444,3
248.png,679,509,1.3339882121807465,0.13342571258544922,679x509,3
2515.png,1152,960,1.2,0.3812713623046875,1152x960,3
2526.png,680,479,1.4196242171189979,0.08237934112548828,680x479,3
2532.png,495,422,1.1729857819905214,0.07222175598144531,495x422,3
2545.png,1200,1091,1.0999083409715857,0.1402263641357422,1200x1091,3
255.png,478,615,0.7772357723577236,0.1630706787109375,478x615,3
2553.png,872,567,1.5379188712522045,0.1342010498046875,872x567,3
2554.png,698,600,1.1633333333333333,0.1941242218017578,698x600,3
2585.png,544,881,0.6174801362088536,0.15828609466552734,544x881,3
2606.png,585,431,1.357308584686775,0.10980892181396484,585x431,3
2608.png,507,647,0.7836166924265843,0.15137958526611328,507x647,3
271.png,1169,1656,0.7059178743961353,0.4676246643066406,1169x1656,3
275.png,569,525,1.0838095238095238,0.08665752410888672,569x525,3
3066.png,1600,900,1.7777777777777777,0.4428424835205078,1600x900,3
3074.png,902,516,1.748062015503876,0.19647789001464844,902x516,3
3077.png,788,682,1.155425219941349,0.22637653350830078,788x682,3
3078.png,775,719,1.0778859527121,0.1658926010131836,775x719,3
3079.png,2730,2048,1.3330078125,0.3581562042236328,2730x2048,3
3086.png,989,793,1.2471626733921817,0.34657764434814453,989x793,3
3089.png,1685,959,1.7570385818561,0.8028059005737305,1685x959,3
3092.png,2338,1653,1.4143980641258318,0.5674362182617188,2338x1653,3
3097.png,277,196,1.413265306122449,0.030673980712890625,277x196,3
3106.png,543,650,0.8353846153846154,0.11987495422363281,543x650,3
3129.png,640,440,1.4545454545454546,0.05215644836425781,640x440,3
3141.png,546,624,0.875,0.09442901611328125,546x624,3
3147.png,1060,751,1.411451398135819,0.23838424682617188,1060x751,3
3160.png,755,755,1.0,0.17292499542236328,755x755,3
3161.png,4000,3000,1.3333333333333333,0.6111650466918945,4000x3000,3
3162.png,565,798,0.7080200501253133,0.09223747253417969,565x798,3
3167.png,768,695,1.1050359712230216,0.05074024200439453,768x695,3
3180.png,824,632,1.3037974683544304,0.18627643585205078,824x632,3
3191.png,1093,590,1.852542372881356,0.22014427185058594,1093x590,3
3247.png,1696,1200,1.4133333333333333,0.7353029251098633,1696x1200,3
3249.png,592,486,1.2181069958847737,0.07151222229003906,592x486,3
33.png,799,428,1.8668224299065421,0.03835582733154297,799x428,3
337.png,855,346,2.4710982658959537,0.18720531463623047,855x346,3
339.png,869,652,1.3328220858895705,0.10754680633544922,869x652,3
347.png,685,437,1.5675057208237986,0.08565711975097656,685x437,3
3500.png,409,543,0.7532228360957642,0.06951236724853516,409x543,3
3503.png,630,802,0.7855361596009975,0.052399635314941406,630x802,3
3512.png,600,450,1.3333333333333333,0.09072494506835938,600x450,3
3522.png,552,644,0.8571428571428571,0.1743001937866211,552x644,3
3529.png,852,579,1.471502590673575,0.1554279327392578,852x579,3
3530.png,506,537,0.9422718808193669,0.1481151580810547,506x537,3
3535.png,363,434,0.836405529953917,0.0739297866821289,363x434,3
3566.png,906,533,1.699812382739212,0.033064842224121094,906x533,3
3569.png,2730,2048,1.3330078125,0.25771331787109375,2730x2048,3
3574.png,531,593,0.8954468802698144,0.022167205810546875,531x593,3
3588.png,1216,1352,0.8994082840236687,0.4359245300292969,1216x1352,3
3591.png,601,300,2.0033333333333334,0.03497028350830078,601x300,3
3594.png,1403,801,1.7515605493133584,0.3098297119140625,1403x801,3
3636.png,2770,2822,0.9815733522324592,0.8544073104858398,2770x2822,3
3638.png,636,600,1.06,0.032303810119628906,636x600,3
3650.png,498,632,0.7879746835443038,0.1142578125,498x632,3
3653.png,1149,868,1.3237327188940091,0.18582439422607422,1149x868,3
3676.png,532,283,1.8798586572438163,0.06681537628173828,532x283,3
368.png,1200,900,1.3333333333333333,0.42440319061279297,1200x900,3
3692.png,701,582,1.20446735395189,0.1838817596435547,701x582,3
3707.png,351,453,0.7748344370860927,0.0921792984008789,351x453,3
3709.png,722,621,1.1626409017713366,0.08654975891113281,722x621,3
3732.png,563,587,0.959114139693356,0.1932506561279297,563x587,3
3733.png,470,564,0.8333333333333334,0.062170982360839844,470x564,3
3735.png,812,545,1.489908256880734,0.1879892349243164,812x545,3
3736.png,827,759,1.0895915678524375,0.29290103912353516,827x759,3
3750.png,837,439,1.9066059225512528,0.18091106414794922,837x439,3
3760.png,582,371,1.568733153638814,0.013840675354003906,582x371,3
3761.png,531,422,1.2582938388625593,0.06951236724853516,531x422,3
3775.png,1107,586,1.8890784982935154,0.2732086181640625,1107x586,3
3776.png,496,379,1.3087071240105541,0.06471443176269531,496x379,3
3790.png,592,693,0.8542568542568543,0.1333332061767578,592x693,3
3801.png,696,733,0.9495225102319236,0.18046092987060547,696x733,3
3814.png,800,566,1.4134275618374559,0.0772714614868164,800x566,3
3817.png,684,473,1.4460887949260042,0.10063743591308594,684x473,3
3828.png,454,505,0.899009900990099,0.15523052215576172,454x505,3
3839.png,593,439,1.3507972665148065,0.06119537353515625,593x439,3
3840.png,2789,2288,1.2189685314685315,2.193218231201172,2789x2288,3
3845.png,477,627,0.7607655502392344,0.1901254653930664,477x627,3
3846.png,390,485,0.8041237113402062,0.09739017486572266,390x485,3
3858.png,1619,2023,0.8002965892239249,0.36308765411376953,1619x2023,3
3880.png,623,567,1.0987654320987654,0.1644439697265625,623x567,3
3898.png,734,681,1.0778267254038179,0.08189678192138672,734x681,3
3901.png,678,498,1.3614457831325302,0.14551925659179688,678x498,3
3909.png,995,1192,0.834731543624161,0.14384841918945312,995x1192,3
3914.png,386,501,0.7704590818363274,0.08905029296875,386x501,3
3917.png,824,720,1.1444444444444444,0.19184017181396484,824x720,3
3920.png,448,501,0.8942115768463074,0.07086563110351562,448x501,3
3930.png,688,562,1.2241992882562278,0.10128402709960938,688x562,3
3935.png,498,942,0.5286624203821656,0.2163228988647461,498x942,3
395.png,462,353,1.3087818696883853,0.06981563568115234,462x353,3
3954.png,329,530,0.620754716981132,0.12809181213378906,329x530,3
397.png,602,365,1.6493150684931508,0.1502523422241211,602x365,3
3980.png,2730,2048,1.3330078125,0.22513675689697266,2730x2048,3
3989.png,376,421,0.8931116389548693,0.02529621124267578,376x421,3
4002.png,567,603,0.9402985074626866,0.08591079711914062,567x603,3
4011.png,837,439,1.9066059225512528,0.18091106414794922,837x439,3
4015.png,598,416,1.4375,0.09127998352050781,598x416,3
4017.png,567,469,1.208955223880597,0.06303215026855469,567x469,3
4021.png,1848,1594,1.1593475533249686,0.9034404754638672,1848x1594,3
4025.png,542,661,0.8199697428139183,0.11583900451660156,542x661,3
4026.png,619,752,0.8231382978723404,0.20677757263183594,619x752,3
4039.png,2480,3507,0.7071571143427431,0.8082914352416992,2480x3507,3
429.png,596,834,0.7146282973621103,0.2352466583251953,596x834,3
448.png,486,744,0.6532258064516129,0.10161495208740234,486x744,3
4542.png,515,428,1.2032710280373833,0.10596179962158203,515x428,3
4548.png,1023,655,1.5618320610687022,0.28593921661376953,1023x655,3
4550.png,769,340,2.261764705882353,0.06552886962890625,769x340,3
4586.png,494,543,0.9097605893186004,0.12084007263183594,494x543,3
4606.png,485,450,1.0777777777777777,0.08877086639404297,485x450,3
4607.png,360,529,0.6805293005671077,0.09485149383544922,360x529,3
4617.png,341,525,0.6495238095238095,0.019220352172851562,341x525,3
4623.png,799,1231,0.6490658001624695,0.1918325424194336,799x1231,3
4633.png,715,535,1.3364485981308412,0.18839454650878906,715x535,3
4634.png,742,521,1.4241842610364683,0.11159896850585938,742x521,3
4643.png,797,793,1.005044136191677,0.08759307861328125,797x793,3
4673.png,1152,1014,1.136094674556213,0.6519098281860352,1152x1014,3
4674.png,589,449,1.311804008908686,0.08149242401123047,589x449,3
4675.png,521,806,0.6464019851116626,0.032813072204589844,521x806,3
4693.png,776,844,0.919431279620853,0.12052726745605469,776x844,3
470.png,843,439,1.9202733485193622,0.06345272064208984,843x439,3
4702.png,544,508,1.0708661417322836,0.07922554016113281,544x508,3
4708.png,675,525,1.2857142857142858,0.12486457824707031,675x525,3
4712.png,503,483,1.041407867494824,0.07784557342529297,503x483,3
4723.png,551,388,1.4201030927835052,0.09120464324951172,551x388,3
473.png,563,974,0.5780287474332649,0.22832965850830078,563x974,3
4738.png,1021,1061,0.9622997172478793,0.3308563232421875,1021x1061,3
4745.png,490,760,0.6447368421052632,0.04519939422607422,490x760,3
4746.png,415,1000,0.415,0.20590972900390625,415x1000,3
4767.png,604,472,1.2796610169491525,0.07037067413330078,604x472,3
477.png,369,579,0.6373056994818653,0.10113048553466797,369x579,3
4773.png,980,759,1.2911725955204216,0.1985769271850586,980x759,3
4792.png,577,865,0.6670520231213873,0.10340118408203125,577x865,3
4793.png,1200,848,1.4150943396226414,0.14306259155273438,1200x848,3
4796.png,859,1391,0.6175413371675054,0.2610187530517578,859x1391,3
4815.png,952,611,1.55810147299509,0.14204978942871094,952x611,3
4817.png,386,549,0.7030965391621129,0.17875289916992188,386x549,3
483.png,1156,692,1.670520231213873,0.16252613067626953,1156x692,3
4835.png,539,515,1.0466019417475727,0.09971141815185547,539x515,3
4836.png,800,600,1.3333333333333333,0.13589954376220703,800x600,3
4841.png,1007,800,1.25875,0.09371185302734375,1007x800,3
4851.png,602,614,0.9804560260586319,0.12398338317871094,602x614,3
4860.png,1100,640,1.71875,0.11229228973388672,1100x640,3
4871.png,638,447,1.4272930648769575,0.38113975524902344,638x447,3
488.png,1143,771,1.482490272373541,0.16164398193359375,1143x771,3
4893.png,1157,820,1.4109756097560975,0.4826488494873047,1157x820,3
4901.png,425,512,0.830078125,0.1000986099243164,425x512,3
4931.png,1270,548,2.3175182481751824,0.5565071105957031,1270x548,3
4933.png,539,507,1.0631163708086786,0.0496368408203125,539x507,3
4936.png,746,518,1.4401544401544402,0.07239055633544922,746x518,3
4990.png,1030,755,1.3642384105960266,0.3470735549926758,1030x755,3
50.png,610,676,0.9023668639053254,0.32994651794433594,610x676,3
500.png,716,815,0.8785276073619632,0.06981182098388672,716x815,3
5011.png,747,578,1.292387543252595,0.1839141845703125,747x578,3
5012.png,1241,793,1.5649432534678436,0.2732982635498047,1241x793,3
5014.png,1047,595,1.7596638655462185,0.07010841369628906,1047x595,3
5024.png,694,439,1.580865603644647,0.10993766784667969,694x439,3
5026.png,272,383,0.7101827676240209,0.09364700317382812,272x383,3
5042.png,673,756,0.8902116402116402,0.5730628967285156,673x756,3
5043.png,465,874,0.5320366132723112,0.17216968536376953,465x874,3
5060.png,874,829,1.0542822677925212,0.3385944366455078,874x829,3
5069.png,1758,1422,1.2362869198312236,1.7893266677856445,1758x1422,3
507.png,557,447,1.2460850111856823,0.047946929931640625,557x447,3
5073.png,843,817,1.0318237454100367,0.6614322662353516,843x817,3
5078.png,624,965,0.6466321243523316,0.07404041290283203,624x965,3
5080.png,1220,808,1.50990099009901,0.3130006790161133,1220x808,3
5084.png,563,743,0.7577388963660835,0.21698665618896484,563x743,3
5093.png,799,491,1.6272912423625254,0.0692739486694336,799x491,3
5094.png,680,1022,0.6653620352250489,0.038288116455078125,680x1022,3
5105.png,524,540,0.9703703703703703,0.16166305541992188,524x540,3
5110.png,1600,1200,1.3333333333333333,0.23726463317871094,1600x1200,3
5129.png,512,407,1.257985257985258,0.09182357788085938,512x407,3
5133.png,1207,749,1.6114819759679573,0.4668912887573242,1207x749,3
5140.png,410,640,0.640625,0.0740499496459961,410x640,3
5155.png,920,411,2.238442822384428,0.16765213012695312,920x411,3
522.png,910,760,1.1973684210526316,0.07866859436035156,910x760,3
5509.png,691,612,1.1290849673202614,0.06917762756347656,691x612,3
5514.png,1000,705,1.4184397163120568,0.07088661193847656,1000x705,3
5519.png,1596,1192,1.3389261744966443,0.24207019805908203,1596x1192,3
5540.png,758,573,1.3228621291448517,0.14443397521972656,758x573,3
5569.png,579,434,1.3341013824884793,0.09463119506835938,579x434,3
5581.png,639,739,0.86468200270636,0.05802726745605469,639x739,3
5586.png,576,478,1.205020920502092,0.1493368148803711,576x478,3
5587.png,545,818,0.6662591687041565,0.2631349563598633,545x818,3
5588.png,640,800,0.8,0.11429691314697266,640x800,3
5594.png,1293,780,1.6576923076923078,0.07062625885009766,1293x780,3
5606.png,696,397,1.7531486146095718,0.14403152465820312,696x397,3
5607.png,925,947,0.9767687434002112,0.7538347244262695,925x947,3
561.png,478,335,1.4268656716417911,0.17369461059570312,478x335,3
5615.png,866,770,1.1246753246753247,0.029621124267578125,866x770,3
5616.png,2730,2048,1.3330078125,0.33582305908203125,2730x2048,3
5620.png,1142,806,1.4168734491315136,0.20673179626464844,1142x806,3
5624.png,939,885,1.0610169491525423,0.08544445037841797,939x885,3
5632.png,386,578,0.6678200692041523,0.1120157241821289,386x578,3
5657.png,1567,901,1.7391786903440623,0.06786918640136719,1567x901,3
5668.png,715,474,1.5084388185654007,0.1031341552734375,715x474,3
5682.png,773,830,0.9313253012048193,0.21076488494873047,773x830,3
5686.png,826,791,1.0442477876106195,0.11953544616699219,826x791,3
5687.png,768,1024,0.75,0.15329551696777344,768x1024,3
5690.png,1170,742,1.5768194070080863,0.5533437728881836,1170x742,3
5692.png,1584,1176,1.346938775510204,0.36345386505126953,1584x1176,3
5697.png,902,1105,0.816289592760181,0.28140735626220703,902x1105,3
570.png,889,922,0.9642082429501084,0.1901559829711914,889x922,3
5702.png,1011,420,2.407142857142857,0.2494974136352539,1011x420,3
5703.png,449,970,0.46288659793814435,0.07427597045898438,449x970,3
5712.png,933,882,1.0578231292517006,0.28441524505615234,933x882,3
5714.png,2060,2048,1.005859375,0.5534782409667969,2060x2048,3
5728.png,679,551,1.2323049001814883,0.2544403076171875,679x551,3
5731.png,812,698,1.163323782234957,0.23121356964111328,812x698,3
5753.png,1209,1200,1.0075,0.13712596893310547,1209x1200,3
5759.png,804,530,1.5169811320754718,0.02733135223388672,804x530,3
5767.png,317,582,0.5446735395189003,0.08603286743164062,317x582,3
5773.png,973,940,1.0351063829787235,0.38850879669189453,973x940,3
5774.png,484,667,0.7256371814092953,0.1749248504638672,484x667,3
5775.png,1092,751,1.4540612516644473,0.18268680572509766,1092x751,3
5797.png,644,449,1.4342984409799555,0.09576129913330078,644x449,3
5801.png,721,515,1.4,0.13199234008789062,721x515,3
5807.png,872,576,1.5138888888888888,0.13220977783203125,872x576,3
5815.png,538,724,0.7430939226519337,0.03220081329345703,538x724,3
582.png,729,547,1.3327239488117002,0.10162830352783203,729x547,3
5836.png,1183,840,1.4083333333333334,0.1413898468017578,1183x840,3
5844.png,1426,752,1.8962765957446808,0.2588968276977539,1426x752,3
5845.png,475,540,0.8796296296296297,0.1239004135131836,475x540,3
5858.png,1252,873,1.434135166093929,0.29524898529052734,1252x873,3
5879.png,1707,1208,1.4130794701986755,0.5921421051025391,1707x1208,3
5890.png,980,913,1.0733844468784228,0.6025772094726562,980x913,3
5907.png,637,451,1.4124168514412416,0.0829610824584961,637x451,3
5909.png,724,551,1.3139745916515426,0.08284759521484375,724x551,3
5912.png,410,414,0.9903381642512077,0.10999393463134766,410x414,3
5932.png,442,567,0.7795414462081128,0.10403823852539062,442x567,3
5968.png,589,463,1.2721382289416847,0.0975637435913086,589x463,3
5972.png,674,465,1.4494623655913978,0.04443073272705078,674x465,3
5984.png,621,438,1.417808219178082,0.0871591567993164,621x438,3
5985.png,465,509,0.9135559921414538,0.17510700225830078,465x509,3
6020.png,479,581,0.8244406196213425,0.050032615661621094,479x581,3
6058.png,495,434,1.140552995391705,0.038725852966308594,495x434,3
6079.png,683,558,1.2240143369175627,0.09000396728515625,683x558,3
6090.png,288,539,0.5343228200371057,0.053673744201660156,288x539,3
6091.png,709,427,1.6604215456674474,0.10499382019042969,709x427,3
6128.png,489,512,0.955078125,0.06474971771240234,489x512,3
613.png,362,267,1.3558052434456929,0.03773784637451172,362x267,3
6133.png,4000,3000,1.3333333333333333,0.3856649398803711,4000x3000,3
6139.png,809,689,1.1741654571843252,0.08156108856201172,809x689,3
6141.png,677,426,1.5892018779342723,0.1545248031616211,677x426,3
6145.png,507,827,0.6130592503022975,0.22387027740478516,507x827,3
6148.png,430,873,0.4925544100801833,0.19399070739746094,430x873,3
6180.png,1000,640,1.5625,0.10773372650146484,1000x640,3
6211.png,996,553,1.8010849909584086,0.2713003158569336,996x553,3
6241.png,737,953,0.7733473242392445,0.20052242279052734,737x953,3
6243.png,676,843,0.8018979833926453,0.15988445281982422,676x843,3
6256.png,784,849,0.9234393404004712,0.24346542358398438,784x849,3
626.png,482,360,1.3388888888888888,0.07423686981201172,482x360,3
6263.png,796,609,1.3070607553366174,0.18503570556640625,796x609,3
631.png,1014,645,1.572093023255814,0.3176250457763672,1014x645,3
6310.png,1175,1275,0.9215686274509803,0.16124343872070312,1175x1275,3
6311.png,288,673,0.4279346210995542,0.07657527923583984,288x673,3
6337.png,510,434,1.1751152073732718,0.03879261016845703,510x434,3
6342.png,333,630,0.5285714285714286,0.03985023498535156,333x630,3
6367.png,1420,1600,0.8875,0.2799978256225586,1420x1600,3
6373.png,542,694,0.7809798270893372,0.16963768005371094,542x694,3
6388.png,888,647,1.3724884080370943,0.1609020233154297,888x647,3
6395.png,553,364,1.5192307692307692,0.06435394287109375,553x364,3
6398.png,298,803,0.3711083437110834,0.14916515350341797,298x803,3
6399.png,1011,970,1.0422680412371135,0.24622631072998047,1011x970,3
641.png,355,482,0.7365145228215768,0.056606292724609375,355x482,3
6419.png,576,609,0.9458128078817734,0.0715169906616211,576x609,3
6423.png,479,323,1.4829721362229102,0.05389690399169922,479x323,3
6429.png,453,644,0.703416149068323,0.09537887573242188,453x644,3
6470.png,536,640,0.8375,0.06123828887939453,536x640,3
6521.png,834,1299,0.6420323325635104,0.3659543991088867,834x1299,3
6550.png,632,546,1.1575091575091576,0.16408634185791016,632x546,3
6555.png,603,690,0.8739130434782608,0.20652008056640625,603x690,3
6559.png,637,757,0.8414795244385733,0.18784427642822266,637x757,3
6565.png,1464,746,1.9624664879356568,0.5491571426391602,1464x746,3
6603.png,1592,1282,1.2418096723868954,0.5707693099975586,1592x1282,3
6608.png,1096,1184,0.9256756756756757,0.45398998260498047,1096x1184,3
6624.png,1087,885,1.2282485875706215,0.30272388458251953,1087x885,3
6625.png,550,468,1.1752136752136753,0.07669830322265625,550x468,3
6632.png,1033,877,1.1778791334093501,0.3039665222167969,1033x877,3
6648.png,852,719,1.1849791376912377,0.29510021209716797,852x719,3
665.png,386,525,0.7352380952380952,0.19888877868652344,386x525,3
6658.png,565,748,0.7553475935828877,0.06795120239257812,565x748,3
6661.png,463,679,0.6818851251840943,0.18667316436767578,463x679,3
6677.png,433,370,1.1702702702702703,0.0917062759399414,433x370,3
6683.png,742,521,1.4241842610364683,0.11159896850585938,742x521,3
6684.png,501,599,0.8363939899833055,0.11052608489990234,501x599,3
6690.png,592,840,0.7047619047619048,0.11646652221679688,592x840,3
6694.png,1417,743,1.9071332436069988,0.10521316528320312,1417x743,3
6699.png,4000,3000,1.3333333333333333,0.3523740768432617,4000x3000,3
6702.png,873,553,1.5786618444846292,0.1533823013305664,873x553,3
6732.png,398,550,0.7236363636363636,0.06484413146972656,398x550,3
677.png,615,473,1.3002114164904863,0.22042083740234375,615x473,3
698.png,646,411,1.5717761557177616,0.041541099548339844,646x411,3
7008.png,680,407,1.6707616707616708,0.08096981048583984,680x407,3
7009.png,520,890,0.5842696629213483,0.14375019073486328,520x890,3
7018.png,770,488,1.5778688524590163,0.27431678771972656,770x488,3
7046.png,640,410,1.5609756097560976,0.09251213073730469,640x410,3
7049.png,949,663,1.4313725490196079,0.1821432113647461,949x663,3
7073.png,2094,1294,1.6182380216383307,0.16658973693847656,2094x1294,3
7075.png,817,501,1.6307385229540918,0.08530998229980469,817x501,3
7080.png,1818,881,2.0635641316685587,0.1897745132446289,1818x881,3
7082.png,1122,868,1.292626728110599,0.224609375,1122x868,3
7086.png,971,562,1.7277580071174377,0.07948589324951172,971x562,3
7092.png,613,565,1.0849557522123894,0.07491588592529297,613x565,3
7108.png,604,624,0.967948717948718,0.1740579605102539,604x624,3
712.png,512,384,1.3333333333333333,0.0679311752319336,512x384,3
717.png,567,587,0.9659284497444633,0.0778646469116211,567x587,3
72.png,656,567,1.1569664902998236,0.1315622329711914,656x567,3
725.png,650,771,0.8430609597924773,0.11536216735839844,650x771,3
729.png,390,432,0.9027777777777778,0.08064079284667969,390x432,3
735.png,1099,863,1.2734646581691773,0.07386970520019531,1099x863,3
743.png,567,587,0.9659284497444633,0.08624553680419922,567x587,3
749.png,579,434,1.3341013824884793,0.062012672424316406,579x434,3
750.png,885,527,1.6793168880455407,0.023192405700683594,885x527,3
7501.png,824,689,1.1959361393323658,0.1286163330078125,824x689,3
751.png,1310,799,1.639549436795995,0.623530387878418,1310x799,3
7520.png,1206,852,1.4154929577464788,0.6292219161987305,1206x852,3
7522.png,862,697,1.2367288378766141,0.20044994354248047,862x697,3
7523.png,630,470,1.3404255319148937,0.09499168395996094,630x470,3
7539.png,1475,901,1.637069922308546,0.7621755599975586,1475x901,3
7547.png,509,584,0.8715753424657534,0.14166259765625,509x584,3
7587.png,744,821,0.9062119366626066,0.22138595581054688,744x821,3
7617.png,1851,1067,1.7347703842549203,0.9288921356201172,1851x1067,3
7620.png,1509,896,1.6841517857142858,0.16829681396484375,1509x896,3
7621.png,610,492,1.2398373983739837,0.18201541900634766,610x492,3
7625.png,496,520,0.9538461538461539,0.06314373016357422,496x520,3
7646.png,783,615,1.273170731707317,0.16794300079345703,783x615,3
7682.png,997,869,1.147295742232451,0.205169677734375,997x869,3
7686.png,575,552,1.0416666666666667,0.07248210906982422,575x552,3
7689.png,412,689,0.5979680696661829,0.07548809051513672,412x689,3
7699.png,815,555,1.4684684684684686,0.3465290069580078,815x555,3
77.png,1486,768,1.9348958333333333,0.5992155075073242,1486x768,3
7713.png,1163,923,1.2600216684723726,0.6870937347412109,1163x923,3
7722.png,710,504,1.4087301587301588,0.1905345916748047,710x504,3
7727.png,1341,477,2.811320754716981,0.07348155975341797,1341x477,3
7729.png,2480,3507,0.7071571143427431,3.7173690795898438,2480x3507,3
7730.png,3000,4000,0.75,0.5260152816772461,3000x4000,3
7744.png,495,527,0.9392789373814042,0.029718399047851562,495x527,3
7767.png,202,525,0.38476190476190475,0.06047534942626953,202x525,3
7768.png,4000,3000,1.3333333333333333,0.3704109191894531,4000x3000,3
7769.png,562,458,1.2270742358078603,0.09784412384033203,562x458,3
7790.png,1162,833,1.3949579831932772,0.19919967651367188,1162x833,3
7818.png,626,625,1.0016,0.0774545669555664,626x625,3
7822.png,572,527,1.0853889943074004,0.108673095703125,572x527,3
7823.png,1799,1348,1.3345697329376855,1.010685920715332,1799x1348,3
7841.png,711,617,1.152350081037277,0.2391643524169922,711x617,3
7849.png,556,522,1.0651340996168583,0.057476043701171875,556x522,3
7856.png,760,503,1.510934393638171,0.11134910583496094,760x503,3
7892.png,569,557,1.021543985637343,0.15679550170898438,569x557,3
7912.png,459,523,0.8776290630975143,0.08712196350097656,459x523,3
7917.png,299,525,0.5695238095238095,0.05438518524169922,299x525,3
7932.png,715,418,1.7105263157894737,0.28071022033691406,715x418,3
794.png,908,542,1.6752767527675276,0.03076171875,908x542,3
7940.png,680,856,0.794392523364486,0.20549964904785156,680x856,3
7958.png,862,899,0.9588431590656284,0.18719959259033203,862x899,3
798.png,304,469,0.6481876332622601,0.09511375427246094,304x469,3
8020.png,656,406,1.6157635467980296,0.1368694305419922,656x406,3
8026.png,618,724,0.8535911602209945,0.13202571868896484,618x724,3
8033.png,4000,3000,1.3333333333333333,0.2525205612182617,4000x3000,3
8079.png,1112,834,1.3333333333333333,0.09108638763427734,1112x834,3
810.png,804,560,1.4357142857142857,0.07436752319335938,804x560,3
8125.png,556,421,1.3206650831353919,0.0948648452758789,556x421,3
8151.png,470,556,0.8453237410071942,0.11056137084960938,470x556,3
8166.png,835,497,1.6800804828973843,0.16109371185302734,835x497,3
8175.png,1276,843,1.5136417556346382,0.1908702850341797,1276x843,3
8176.png,2730,2048,1.3330078125,0.4949817657470703,2730x2048,3
8177.png,806,856,0.9415887850467289,0.1188344955444336,806x856,3
8178.png,2730,2048,1.3330078125,0.6120634078979492,2730x2048,3
8192.png,3000,4000,0.75,0.44577789306640625,3000x4000,3
8205.png,4000,3000,1.3333333333333333,0.33252525329589844,4000x3000,3
8220.png,894,595,1.5025210084033613,0.1674661636352539,894x595,3
8225.png,961,595,1.615126050420168,0.0698862075805664,961x595,3
823.png,618,499,1.2384769539078155,0.10768413543701172,618x499,3
8230.png,579,434,1.3341013824884793,0.060845375061035156,579x434,3
8268.png,434,307,1.4136807817589576,0.06376075744628906,434x307,3
8322.png,552,534,1.0337078651685394,0.09407520294189453,552x534,3
8329.png,1128,588,1.9183673469387754,0.30797576904296875,1128x588,3
8369.png,514,595,0.8638655462184874,0.12678146362304688,514x595,3
837.png,1180,663,1.779788838612368,0.33245086669921875,1180x663,3
8380.png,493,799,0.6170212765957447,0.18721866607666016,493x799,3
8392.png,512,384,1.3333333333333333,0.05313682556152344,512x384,3
8418.png,1024,645,1.5875968992248062,0.23262596130371094,1024x645,3
8426.png,520,583,0.8919382504288165,0.045439720153808594,520x583,3
8488.png,1023,683,1.4978038067349926,0.2535886764526367,1023x683,3
8507.png,4000,3000,1.3333333333333333,0.5047502517700195,4000x3000,3
8508.png,4345,3137,1.3850812878546381,0.7010698318481445,4345x3137,3
8528.png,743,577,1.2876949740034662,0.2511129379272461,743x577,3
8530.png,610,493,1.2373225152129816,0.13624095916748047,610x493,3
8562.png,356,666,0.5345345345345346,0.1238393783569336,356x666,3
8572.png,520,552,0.9420289855072463,0.10574817657470703,520x552,3
8590.png,680,407,1.6707616707616708,0.06110095977783203,680x407,3
8612.png,505,573,0.881326352530541,0.16028690338134766,505x573,3
8622.png,564,793,0.7112232030264817,0.20639705657958984,564x793,3
8644.png,930,554,1.6787003610108304,0.18641948699951172,930x554,3
8653.png,1600,1131,1.4146772767462423,0.29234790802001953,1600x1131,3
8661.png,1027,838,1.2255369928400954,0.4959278106689453,1027x838,3
8662.png,1800,1200,1.5,0.3909893035888672,1800x1200,3
8667.png,561,508,1.1043307086614174,0.10397911071777344,561x508,3
8674.png,755,761,0.9921156373193167,0.2989044189453125,755x761,3
8676.png,1528,834,1.8321342925659472,0.5267429351806641,1528x834,3
8678.png,1042,807,1.2912019826517969,0.3277769088745117,1042x807,3
8680.png,1695,2369,0.7154917686787674,0.6677436828613281,1695x2369,3
8683.png,1199,956,1.25418410041841,0.8115377426147461,1199x956,3
8684.png,512,384,1.3333333333333333,0.05667591094970703,512x384,3
869.png,905,853,1.0609613130128956,0.2329120635986328,905x853,3
8700.png,568,410,1.3853658536585365,0.07297897338867188,568x410,3
8718.png,940,535,1.7570093457943925,0.1981983184814453,940x535,3
8724.png,334,834,0.40047961630695444,0.06677436828613281,334x834,3
8731.png,680,482,1.4107883817427387,0.07925891876220703,680x482,3
8763.png,753,678,1.1106194690265487,0.06433296203613281,753x678,3
8781.png,1021,910,1.121978021978022,0.42833805084228516,1021x910,3
8816.png,475,552,0.8605072463768116,0.09281349182128906,475x552,3
8822.png,727,636,1.1430817610062893,0.09778690338134766,727x636,3
883.png,2113,1639,1.2892007321537522,1.3309526443481445,2113x1639,3
885.png,1312,1338,0.9805680119581465,0.11904621124267578,1312x1338,3
90.png,519,387,1.3410852713178294,0.0832815170288086,519x387,3
9000.png,434,495,0.8767676767676768,0.06882476806640625,434x495,3
9002.png,447,841,0.5315101070154578,0.14673233032226562,447x841,3
9083.png,581,346,1.6791907514450868,0.054050445556640625,581x346,3
910.png,681,362,1.8812154696132597,0.12973785400390625,681x362,3
9114.png,484,873,0.5544100801832761,0.03083515167236328,484x873,3
9132.png,1112,834,1.3333333333333333,0.1106719970703125,1112x834,3
9134.png,488,761,0.6412614980289093,0.13083553314208984,488x761,3
9160.png,978,608,1.6085526315789473,0.3552074432373047,978x608,3
918.png,605,428,1.4135514018691588,0.1306018829345703,605x428,3
9209.png,851,1184,0.71875,0.3777437210083008,851x1184,3
9230.png,560,566,0.9893992932862191,0.076202392578125,560x566,3
9247.png,579,434,1.3341013824884793,0.0682992935180664,579x434,3
9279.png,593,530,1.118867924528302,0.03174304962158203,593x530,3
929.png,582,721,0.8072122052704577,0.081817626953125,582x721,3
9314.png,735,481,1.528066528066528,0.11849021911621094,735x481,3
932.png,658,439,1.498861047835991,0.04953956604003906,658x439,3
9331.png,1529,817,1.8714810281517749,0.10336112976074219,1529x817,3
9332.png,893,678,1.317109144542773,0.14532756805419922,893x678,3
9334.png,504,919,0.5484221980413493,0.26474857330322266,504x919,3
9336.png,1132,625,1.8112,0.4615011215209961,1132x625,3
9362.png,2734,1290,2.1193798449612404,1.4405136108398438,2734x1290,3
9394.png,999,743,1.3445491251682369,0.23642253875732422,999x743,3
9416.png,768,768,1.0,0.05294036865234375,768x768,3
9417.png,382,364,1.0494505494505495,0.04166889190673828,382x364,3
9451.png,485,930,0.521505376344086,0.07398128509521484,485x930,3
9456.png,557,422,1.319905213270142,0.0484619140625,557x422,3
9471.png,1123,859,1.3073341094295692,0.14165687561035156,1123x859,3
9480.png,541,598,0.9046822742474916,0.14818668365478516,541x598,3
9485.png,1043,507,2.057199211045365,0.2421712875366211,1043x507,3
9490.png,1087,797,1.3638644918444165,0.4042186737060547,1087x797,3
9511.png,720,720,1.0,0.06734275817871094,720x720,3
9528.png,920,787,1.1689961880559085,0.3171653747558594,920x787,3
9554.png,778,705,1.1035460992907802,0.25306224822998047,778x705,3
9590.png,586,378,1.5502645502645502,0.024538040161132812,586x378,3
9619.png,570,522,1.0919540229885059,0.0774383544921875,570x522,3
9637.png,567,441,1.2857142857142858,0.07072639465332031,567x441,3
9655.png,557,571,0.9754816112084063,0.07833576202392578,557x571,3
9656.png,1040,572,1.8181818181818181,0.14557361602783203,1040x572,3
9671.png,390,640,0.609375,0.06165599822998047,390x640,3
9686.png,3585,2287,1.5675557498906865,0.5179738998413086,3585x2287,3
9703.png,604,845,0.714792899408284,0.1416492462158203,604x845,3
9742.png,586,483,1.2132505175983437,0.14463138580322266,586x483,3
9743.png,1316,849,1.5500588928150765,0.08353519439697266,1316x849,3
975.png,390,670,0.582089552238806,0.0813751220703125,390x670,3
9770.png,1753,650,2.6969230769230768,0.4914112091064453,1753x650,3
9775.png,825,681,1.2114537444933922,0.22072124481201172,825x681,3
9803.png,769,807,0.952912019826518,0.22557830810546875,769x807,3
9813.png,461,434,1.0622119815668203,0.09446907043457031,461x434,3
9830.png,4000,3000,1.3333333333333333,0.31294727325439453,4000x3000,3
9835.png,1077,490,2.1979591836734693,0.12360191345214844,1077x490,3
9846.png,799,775,1.030967741935484,0.2724618911743164,799x775,3
9848.png,846,596,1.419463087248322,0.24143218994140625,846x596,3
9857.png,937,715,1.3104895104895105,0.19202423095703125,937x715,3
9864.png,662,1292,0.5123839009287926,0.33057308197021484,662x1292,3
9872.png,1520,960,1.5833333333333333,0.3330364227294922,1520x960,3
9887.png,614,888,0.6914414414414415,0.1975393295288086,614x888,3
9888.png,2730,2048,1.3330078125,0.23123931884765625,2730x2048,3
9894.png,1068,791,1.3501896333754742,0.3349618911743164,1068x791,3
9907.png,1433,745,1.923489932885906,0.9343461990356445,1433x745,3
991.png,4000,3000,1.3333333333333333,0.3157682418823242,4000x3000,3
9920.png,800,600,1.3333333333333333,0.10794448852539062,800x600,3
9928.png,673,559,1.2039355992844365,0.22055912017822266,673x559,3
9939.png,442,851,0.5193889541715628,0.20187091827392578,442x851,3
994.png,1085,726,1.4944903581267217,0.2004079818725586,1085x726,3
9941.png,872,632,1.379746835443038,0.3484315872192383,872x632,3
9949.png,904,1556,0.5809768637532133,0.8798112869262695,904x1556,3
9961.png,680,490,1.3877551020408163,0.14140892028808594,680x490,3
9968.png,922,562,1.6405693950177935,0.2454996109008789,922x562,3
9970.png,911,648,1.4058641975308641,0.3665285110473633,911x648,3
9975.png,1205,895,1.3463687150837989,0.561981201171875,1205x895,3
